Gmt time,Open,High,Low,Close,Volume
07.03.2022 00:00:00.000,38375,39563,37119,37979,1510.6475
08.03.2022 00:00:00.000,37958,39318,37837,38701,1686.162
09.03.2022 00:00:00.000,38690,42587,38617,41902,1449.5533
10.03.2022 00:00:00.000,41904,41996,38556,39389,1283.2417
11.03.2022 00:00:00.000,39387,40205,38190,38675,1585.7264
12.03.2022 00:00:00.000,38675,39402,38614,39110,1099.242
13.03.2022 00:00:00.000,38859,39254,37548,37731,1069.294
14.03.2022 00:00:00.000,37731,39856,37528,39648,1360.1691
15.03.2022 00:00:00.000,39648,39861,38189,39251,1011.5592
16.03.2022 00:00:00.000,39247,41643,38877,41074,1452.6019
17.03.2022 00:00:00.000,41068,41418,40500,40885,991.8289
18.03.2022 00:00:00.000,40883,42347,40144,41716,994.2803
19.03.2022 00:00:00.000,41716,42402,41481,42168,984.866
20.03.2022 00:00:00.000,42168,42251,40882,41219,1247.3266
21.03.2022 00:00:00.000,41216,41505,40481,40986,911.5162
22.03.2022 00:00:00.000,40986,43270,40903,42317,1162.4022
23.03.2022 00:00:00.000,42318,42962,41724,42848,976.0303
24.03.2022 00:00:00.000,42848,44266,42596,43950,1192.1
25.03.2022 00:00:00.000,43950,45116,43560,44271,1054.6062
26.03.2022 00:00:00.000,44271,44630,44049,44484,380.4901
27.03.2022 00:00:00.000,44485,46962,44391,46872,686.018
28.03.2022 00:00:00.000,46806,48229,46627,47082,762.0667
29.03.2022 00:00:00.000,47070,48130,46947,47394,1158.641
30.03.2022 00:00:00.000,47394,47735,46541,47013,1127.931
31.03.2022 00:00:00.000,47013,47645,45274,45478,1035.9641
01.04.2022 00:00:00.000,45476,46660,44196,46237,779.0179
02.04.2022 00:00:00.000,46237,47154,45601,45825,564.1078
03.04.2022 00:00:00.000,45825,47452,45516,46364,839.6607
04.04.2022 00:00:00.000,46364,46834,45109,46547,1159.5558
05.04.2022 00:00:00.000,46544,47213,45366,45449,816.8049
06.04.2022 00:00:00.000,45449,45465,43094,43139,1065.7921
07.04.2022 00:00:00.000,43139,43932,42719,43410,743.0375
08.04.2022 00:00:00.000,43402,43997,42052,42255,825.2053
09.04.2022 00:00:00.000,42255,42760,42108,42724,570.6484
10.04.2022 00:00:00.000,42725,43453,41865,42114,588.4977
11.04.2022 00:00:00.000,42116,42383,39244,39483,831.8197
12.04.2022 00:00:00.000,39483,40659,39258,40039,767.3527
13.04.2022 00:00:00.000,40049,41544,39547,41102,645.6663
14.04.2022 00:00:00.000,41106,41451,39535,39889,782.2698
15.04.2022 00:00:00.000,39884,40795,39725,40490,692.049
16.04.2022 00:00:00.000,40498,40642,39971,40341,778.656
17.04.2022 00:00:00.000,40346,40552,39519,39644,641.492
18.04.2022 00:00:00.000,39646,41023,38515,40760,632.2123
19.04.2022 00:00:00.000,40761,41698,40540,41448,654.4402
20.04.2022 00:00:00.000,41447,42153,40872,41324,776.12
21.04.2022 00:00:00.000,41318,42990,39761,40522,543.2353
22.04.2022 00:00:00.000,40522,40739,39147,39647,885.9091
23.04.2022 00:00:00.000,39647,39930,39231,39401,1005.5389
24.04.2022 00:00:00.000,39401,39896,38994,39458,728.0362
25.04.2022 00:00:00.000,39458,40542,38177,40393,973.5117
26.04.2022 00:00:00.000,40392,40742,37694,38072,944.2973
27.04.2022 00:00:00.000,38072,39418,37847,39206,972.2915
28.04.2022 00:00:00.000,39204,40407,38848,39703,937.0319
29.04.2022 00:00:00.000,39702,39879,38141,38528,878.5688
30.04.2022 00:00:00.000,38528,38796,37568,37597,692.2597
01.05.2022 00:00:00.000,37599,38618,37380,38434,848.1101
02.05.2022 00:00:00.000,38433,39121,38081,38474,1008.4476
03.05.2022 00:00:00.000,38474,38679,37488,37689,616.4292
04.05.2022 00:00:00.000,37683,39969,37629,39645,1071.2483
05.05.2022 00:00:00.000,39645,39784,35549,36508,1164.595
06.05.2022 00:00:00.000,36504,36622,35248,35935,1591.8607
07.05.2022 00:00:00.000,35937,36061,34801,35432,1232.249
08.05.2022 00:00:00.000,35432,35464,33711,33998,1491.366
09.05.2022 00:00:00.000,33998,34196,29991,30040,1719.3142
10.05.2022 00:00:00.000,30047,32607,29777,30970,1998.106
11.05.2022 00:00:00.000,30970,32111,27661,28931,3499.3639
12.05.2022 00:00:00.000,28931,30113,25340,28895,2363.508
13.05.2022 00:00:00.000,28895,30927,28639,29167,1475.0471
14.05.2022 00:00:00.000,29167,30223,28512,29981,1928.4155
15.05.2022 00:00:00.000,29981,31380,29381,31246,1287.4428
16.05.2022 00:00:00.000,31245,31246,29040,29781,1645.4706
17.05.2022 00:00:00.000,29784,30741,29380,30367,1554.8004
18.05.2022 00:00:00.000,30367,30626,28562,28625,1703.6752
19.05.2022 00:00:00.000,28625,30454,28608,30240,1853.1331
20.05.2022 00:00:00.000,30240,30679,28652,29091,1854.5249
21.05.2022 00:00:00.000,29091,29549,28850,29363,1130.0271
22.05.2022 00:00:00.000,29364,30406,29177,30217,1479.4827
23.05.2022 00:00:00.000,30216,30665,28793,29017,1712.3549
24.05.2022 00:00:00.000,29016,29753,28587,29571,886.8005
25.05.2022 00:00:00.000,29571,30121,29257,29450,895.7981
26.05.2022 00:00:00.000,29450,29786,27947,29115,1325.165
27.05.2022 00:00:00.000,29114,29365,28192,28535,1508.8921
28.05.2022 00:00:00.000,28535,29175,28435,28945,1275.316
29.05.2022 00:00:00.000,28948,29492,28753,29391,1421.008
30.05.2022 00:00:00.000,29391,32126,29218,31655,946.0503
31.05.2022 00:00:00.000,31656,32418,31154,31719,766.028
01.06.2022 00:00:00.000,31719,31907,29254,29728,1033.6241
02.06.2022 00:00:00.000,29726,30597,29517,30370,827.3706
03.06.2022 00:00:00.000,30370,30609,29265,29606,1027.5995
04.06.2022 00:00:00.000,29608,29995,29454,29778,1068.4603
05.06.2022 00:00:00.000,29778,30111,29454,29841,1684.707
06.06.2022 00:00:00.000,29840,31673,29801,31288,1184.3613
07.06.2022 00:00:00.000,31287,31502,29152,31064,1603.615
08.06.2022 00:00:00.000,31064,31261,29796,30141,2304.8019
09.06.2022 00:00:00.000,30140,30639,29884,30040,2090.719
10.06.2022 00:00:00.000,30039,30290,28791,28998,2178.89
11.06.2022 00:00:00.000,28998,29346,28053,28349,1824.221
12.06.2022 00:00:00.000,28351,28470,26492,26510,2351.058
13.06.2022 00:00:00.000,26507,26804,21883,22414,2836.5149
14.06.2022 00:00:00.000,22414,23235,20781,22072,2823.7259
15.06.2022 00:00:00.000,22072,22720,20037,22519,2651.5031
16.06.2022 00:00:00.000,22503,22914,20164,20330,2551.3561
17.06.2022 00:00:00.000,20329,21287,20184,20383,2593.7309
18.06.2022 00:00:00.000,20384,20685,17520,18915,3018.0819
19.06.2022 00:00:00.000,18914,20739,17902,20513,2666.1
20.06.2022 00:00:00.000,20511,20996,19582,20517,2634.5291
21.06.2022 00:00:00.000,20519,21655,20301,20662,2491.9169
22.06.2022 00:00:00.000,20661,20825,19718,19927,2459.5909
23.06.2022 00:00:00.000,19926,21159,19835,21053,2329.704
24.06.2022 00:00:00.000,21053,21473,20686,21159,2399.929
25.06.2022 00:00:00.000,21159,21545,20864,21440,1964.98
26.06.2022 00:00:00.000,21440,21823,20902,20996,1872.92
27.06.2022 00:00:00.000,20994,21469,20472,20686,2016.7129
28.06.2022 00:00:00.000,20686,21156,20146,20221,2200.8319
29.06.2022 00:00:00.000,20222,20369,19805,20063,2187.8099
30.06.2022 00:00:00.000,20064,20110,18591,19921,2227.217
01.07.2022 00:00:00.000,19908,20830,18917,19182,2410.0139
02.07.2022 00:00:00.000,19188,19357,18897,19192,1442.673
03.07.2022 00:00:00.000,19190,19588,18738,19259,1773.981
04.07.2022 00:00:00.000,19258,20284,19000,20177,1999.635
05.07.2022 00:00:00.000,20176,20687,19251,20127,2239.3739
06.07.2022 00:00:00.000,20126,20617,19715,20506,2312.181
07.07.2022 00:00:00.000,20506,21792,20215,21574,2114.8281
08.07.2022 00:00:00.000,21575,22424,21146,21517,2407.0151
09.07.2022 00:00:00.000,21517,21917,21279,21540,1970.422
10.07.2022 00:00:00.000,21541,21553,20619,20809,2226.197
11.07.2022 00:00:00.000,20811,20814,19834,19908,3112.8831
12.07.2022 00:00:00.000,19908,20001,19195,19273,2439.002
13.07.2022 00:00:00.000,19273,20290,18877,20187,2530.611
14.07.2022 00:00:00.000,20187,20844,19587,20541,3277.951
15.07.2022 00:00:00.000,20541,21145,20337,20763,2333.498
16.07.2022 00:00:00.000,20763,21537,20412,21158,1964.28
17.07.2022 00:00:00.000,21156,21612,20716,20754,2044.193
18.07.2022 00:00:00.000,20754,22735,20726,22407,1979.792
19.07.2022 00:00:00.000,22407,23753,21550,23364,1823.7261
20.07.2022 00:00:00.000,23364,24240,22891,23185,1718.071
21.07.2022 00:00:00.000,23182,23385,22310,23117,1524.271
22.07.2022 00:00:00.000,23117,23719,22475,22623,1745.973
23.07.2022 00:00:00.000,22623,22940,21912,22411,1930.372
24.07.2022 00:00:00.000,22411,22970,22231,22548,2120.4751
25.07.2022 00:00:00.000,22545,22624,21228,21267,1657.023
26.07.2022 00:00:00.000,21267,21299,20691,21225,1436.318
27.07.2022 00:00:00.000,21225,23062,21012,22924,1426.154
28.07.2022 00:00:00.000,22924,24156,22556,23817,1728.824
29.07.2022 00:00:00.000,23817,24398,23413,23724,1811.291
30.07.2022 00:00:00.000,23724,24598,23483,23604,1543.005
31.07.2022 00:00:00.000,23604,24150,23197,23273,1836.561
01.08.2022 00:00:00.000,23271,23463,22828,23243,1489.621
02.08.2022 00:00:00.000,23243,23409,22632,22954,1850.723
03.08.2022 00:00:00.000,22955,23597,22662,22793,1767.8601
04.08.2022 00:00:00.000,22793,23188,22373,22585,1765.795
05.08.2022 00:00:00.000,22585,23425,22557,23256,1919.583
06.08.2022 00:00:00.000,23256,23292,22883,22916,1850.67
07.08.2022 00:00:00.000,22916,23341,22813,23141,1539.6841
08.08.2022 00:00:00.000,23142,24204,23125,23781,1251.356
09.08.2022 00:00:00.000,23780,23881,22850,23120,1456.929
10.08.2022 00:00:00.000,23120,24176,22643,23918,1643.278
11.08.2022 00:00:00.000,23919,24866,23831,23905,2421.067
12.08.2022 00:00:00.000,23905,24399,23572,24350,2306.309
13.08.2022 00:00:00.000,24352,24834,24265,24406,1914.464
14.08.2022 00:00:00.000,24406,24991,24115,24272,1723.466
15.08.2022 00:00:00.000,24274,25166,23748,24064,1416.298
16.08.2022 00:00:00.000,24063,24206,23636,23820,1467.66
17.08.2022 00:00:00.000,23819,24397,23153,23301,1427.7874
18.08.2022 00:00:00.000,23301,23554,23078,23156,1185.4219
19.08.2022 00:00:00.000,23156,23165,20723,20770,1938.8371
20.08.2022 00:00:00.000,20774,21310,20729,21099,2109.4019
21.08.2022 00:00:00.000,21099,21741,21033,21478,1655.6031
22.08.2022 00:00:00.000,21478,21485,20867,21370,892.4041
23.08.2022 00:00:00.000,21370,21638,20865,21488,861.8172
24.08.2022 00:00:00.000,21490,21855,21118,21333,1108.7101
25.08.2022 00:00:00.000,21333,21774,21276,21531,831.9444
26.08.2022 00:00:00.000,21531,21830,20052,20176,1255.909
27.08.2022 00:00:00.000,20176,20316,19786,19999,1059.981
28.08.2022 00:00:00.000,19999,20123,19488,19519,223.7985
29.08.2022 00:00:00.000,19522,20379,19511,20259,581.343
30.08.2022 00:00:00.000,20259,20534,19516,19775,714.6945
31.08.2022 00:00:00.000,19776,20442,19770,20015,867.022
01.09.2022 00:00:00.000,20015,20166,19540,20091,700.468
02.09.2022 00:00:00.000,20091,20399,19723,19894,1251.496
03.09.2022 00:00:00.000,19894,19990,19616,19793,456.0238
04.09.2022 00:00:00.000,19793,19985,19551,19964,624.0729
05.09.2022 00:00:00.000,19964,20015,19608,19755,470.4664
06.09.2022 00:00:00.000,19755,20140,18639,18754,790.761
07.09.2022 00:00:00.000,18754,19422,18515,19253,742.7744
08.09.2022 00:00:00.000,19253,19414,18991,19283,342.0106
09.09.2022 00:00:00.000,19284,21551,19262,21302,989.522
10.09.2022 00:00:00.000,21302,21763,21092,21613,1331.665
11.09.2022 00:00:00.000,21613,21817,21320,21798,913.4428
12.09.2022 00:00:00.000,21796,22439,21515,22360,1312.192
13.09.2022 00:00:00.000,22360,22738,19846,20137,1595.629
14.09.2022 00:00:00.000,20137,20485,19591,20192,794.74
15.09.2022 00:00:00.000,20191,20294,19493,19664,1279.32
16.09.2022 00:00:00.000,19664,19851,19301,19741,535.6075
17.09.2022 00:00:00.000,19743,20143,19708,20078,700.302
18.09.2022 00:00:00.000,20078,20079,19315,19380,1091.414
19.09.2022 00:00:00.000,19381,19641,18233,19502,1216.8829
20.09.2022 00:00:00.000,19502,19596,18711,18841,728.5574
21.09.2022 00:00:00.000,18838,19845,18140,18431,1028.1637
22.09.2022 00:00:00.000,18431,19465,18334,19368,1021.569
23.09.2022 00:00:00.000,19369,19453,18501,19224,747.507
24.09.2022 00:00:00.000,19226,19247,18777,18889,67.4465
25.09.2022 00:00:00.000,18889,19130,18604,18773,137.4557
26.09.2022 00:00:00.000,18773,19274,18653,19190,1272.302
27.09.2022 00:00:00.000,19190,20337,18797,19042,957.0997
28.09.2022 00:00:00.000,19044,19730,18453,19372,1628.055
29.09.2022 00:00:00.000,19372,19604,18811,19555,2004.4701
30.09.2022 00:00:00.000,19557,20142,19139,19365,952.632
01.10.2022 00:00:00.000,19365,19422,19129,19273,50.4224
02.10.2022 00:00:00.000,19273,19355,18893,19023,107.545
03.10.2022 00:00:00.000,19023,19669,18935,19596,281.7937
04.10.2022 00:00:00.000,19596,20424,19466,20311,1194.9248
05.10.2022 00:00:00.000,20311,20331,19713,20126,1389.9769
06.10.2022 00:00:00.000,20126,20408,19832,19925,261.8775
07.10.2022 00:00:00.000,19925,20018,19297,19470,419.7599
08.10.2022 00:00:00.000,19470,19566,19216,19377,338.138
09.10.2022 00:00:00.000,19377,19517,19289,19407,48.073
10.10.2022 00:00:00.000,19407,19487,19013,19096,132.968
11.10.2022 00:00:00.000,19096,19225,18828,19021,147.6763
12.10.2022 00:00:00.000,19021,19192,18942,19118,726.9809
13.10.2022 00:00:00.000,19118,19464,18153,19345,817.1791
14.10.2022 00:00:00.000,19345,19905,19014,19114,950.3028
15.10.2022 00:00:00.000,19116,19164,18958,19030,1137.877
16.10.2022 00:00:00.000,19030,19383,19026,19227,1277.3565
17.10.2022 00:00:00.000,19227,19635,19125,19513,138.3715
18.10.2022 00:00:00.000,19546,19639,19292,19318,34.162
19.10.2022 00:00:00.000,19293,19322,19041,19088,86.7285
20.10.2022 00:00:00.000,19089,19304,18896,19010,130.3379
21.10.2022 00:00:00.000,19011,19209,18635,19105,511.8786
22.10.2022 00:00:00.000,19106,19215,19052,19167,14.7415
23.10.2022 00:00:00.000,19168,19652,19043,19535,54.5828
24.10.2022 00:00:00.000,19535,19559,19134,19294,333.5019
25.10.2022 00:00:00.000,19294,20375,19208,20048,1266.935
26.10.2022 00:00:00.000,20046,20979,20024,20741,1026.4519
27.10.2022 00:00:00.000,20741,20836,20171,20254,317.9884
28.10.2022 00:00:00.000,20254,20711,19985,20534,1061.4874
29.10.2022 00:00:00.000,20534,21034,20497,20779,1493.966
30.10.2022 00:00:00.000,20778,20890,20459,20590,1611.19
31.10.2022 00:00:00.000,20589,20797,20208,20458,1066.8981
01.11.2022 00:00:00.000,20458,20646,20298,20447,171.2657
02.11.2022 00:00:00.000,20448,20763,20025,20114,648.4182
03.11.2022 00:00:00.000,20114,20350,20008,20170,1218.542
04.11.2022 00:00:00.000,20170,21254,20146,21088,862.3322
05.11.2022 00:00:00.000,21088,21414,21022,21271,149.9304
06.11.2022 00:00:00.000,21271,21333,20859,20872,281.175
07.11.2022 00:00:00.000,20871,21036,20362,20561,660.6946
08.11.2022 00:00:00.000,20561,20636,17151,18511,1116.3288
09.11.2022 00:00:00.000,18511,18551,15542,15862,2617.2669
10.11.2022 00:00:00.000,15860,18132,15707,17533,2459.0001
11.11.2022 00:00:00.000,17533,17628,16323,16948,2746.6409
12.11.2022 00:00:00.000,16951,17003,16534,16747,323.2134
13.11.2022 00:00:00.000,16750,16895,16206,16285,123.4184
14.11.2022 00:00:00.000,16285,17156,15830,16571,581.8381
15.11.2022 00:00:00.000,16571,17070,16483,16841,1146.098
16.11.2022 00:00:00.000,16841,16960,16331,16619,1807.7511
17.11.2022 00:00:00.000,16614,16694,16369,16644,998.0678
18.11.2022 00:00:00.000,16645,16941,16501,16616,1207.8871
19.11.2022 00:00:00.000,16615,16762,16471,16650,753.104
20.11.2022 00:00:00.000,16649,16696,16093,16225,1228.992
21.11.2022 00:00:00.000,16225,16254,15440,15722,2565.418
22.11.2022 00:00:00.000,15722,16248,15572,16178,1886.481
23.11.2022 00:00:00.000,16172,16641,16114,16557,177.2739
24.11.2022 00:00:00.000,16557,16755,16418,16557,754.829
25.11.2022 00:00:00.000,16557,16570,16310,16449,129.536
26.11.2022 00:00:00.000,16450,16630,16357,16416,24.316
27.11.2022 00:00:00.000,16416,16553,16366,16388,28.8865
28.11.2022 00:00:00.000,16388,16442,15968,16174,86.0835
29.11.2022 00:00:00.000,16174,16502,16063,16402,67.201
30.11.2022 00:00:00.000,16403,17207,16392,17131,94.004
01.12.2022 00:00:00.000,17131,17261,16834,16940,431.976
02.12.2022 00:00:00.000,16940,17066,16764,17030,305.1825
03.12.2022 00:00:00.000,17029,17095,16835,16850,483.2297
04.12.2022 00:00:00.000,16850,17166,16848,17076,44.293
05.12.2022 00:00:00.000,17076,17384,16841,16929,446.761
06.12.2022 00:00:00.000,16929,17065,16876,17052,819.41
07.12.2022 00:00:00.000,17052,17099,16654,16803,787.153
08.12.2022 00:00:00.000,16803,17258,16706,17189,870.194
09.12.2022 00:00:00.000,17189,17309,17039,17067,337.6465
10.12.2022 00:00:00.000,17067,17187,17056,17091,8.3402
11.12.2022 00:00:00.000,17091,17230,17029,17058,14.6609
12.12.2022 00:00:00.000,17056,17202,16844,17173,312.1606
13.12.2022 00:00:00.000,17174,17929,17052,17738,1105.68
14.12.2022 00:00:00.000,17738,18340,17631,17768,1198.717
15.12.2022 00:00:00.000,17768,17816,17250,17321,966.296
16.12.2022 00:00:00.000,17321,17489,16467,16569,973.09
17.12.2022 00:00:00.000,16569,16758,16522,16744,806.782
18.12.2022 00:00:00.000,16744,16805,16624,16705,879.505
19.12.2022 00:00:00.000,16705,16779,16240,16402,747.924
20.12.2022 00:00:00.000,16401,17012,16362,16863,802.315
21.12.2022 00:00:00.000,16863,16885,16699,16791,670.602
22.12.2022 00:00:00.000,16790,16827,16529,16781,806.852
23.12.2022 00:00:00.000,16781,16895,16695,16713,865.456
24.12.2022 00:00:00.000,16713,16798,16711,16772,169.048
25.12.2022 00:00:00.000,16773,16789,16661,16765,167.168
26.12.2022 00:00:00.000,16788,16907,16761,16878,517.0185
27.12.2022 00:00:00.000,16879,16929,16558,16662,379.833
28.12.2022 00:00:00.000,16663,16739,16431,16509,553.124
29.12.2022 00:00:00.000,16509,16622,16451,16596,372.568
30.12.2022 00:00:00.000,16596,16609,16302,16539,854.767
31.12.2022 00:00:00.000,16542,16569,16464,16530,35.851
01.01.2023 00:00:00.000,16474,16582,16461,16576,113.295
02.01.2023 00:00:00.000,16575,16755,16511,16634,511.54
03.01.2023 00:00:00.000,16634,16733,16571,16641,20.163
04.01.2023 00:00:00.000,16641,16952,16618,16812,247.105
05.01.2023 00:00:00.000,16812,16840,16725,16792,16.939
06.01.2023 00:00:00.000,16792,16993,16649,16887,160.71
07.01.2023 00:00:00.000,16887,16914,16853,16907,74.159
08.01.2023 00:00:00.000,16907,17130,16855,17090,178.227
09.01.2023 00:00:00.000,17090,17358,17073,17144,317.692
10.01.2023 00:00:00.000,17144,17452,17114,17405,401.271
11.01.2023 00:00:00.000,17405,17955,17280,17907,571.462
12.01.2023 00:00:00.000,17907,19066,17873,18822,337.514
13.01.2023 00:00:00.000,18822,19937,18687,19872,145.166
14.01.2023 00:00:00.000,19872,21258,19829,20919,356.504
15.01.2023 00:00:00.000,20919,21012,20530,20844,205.8692
16.01.2023 00:00:00.000,20841,21405,20596,21154,1338.632
17.01.2023 00:00:00.000,21154,21541,20837,21104,984.61
18.01.2023 00:00:00.000,21104,21598,20374,20640,507.505
19.01.2023 00:00:00.000,20640,21150,20629,21045,1415.7073
20.01.2023 00:00:00.000,21045,22690,20838,22605,1657.464
21.01.2023 00:00:00.000,22605,23309,22377,22744,1937.079
22.01.2023 00:00:00.000,22744,23038,22275,22675,1757.0029
23.01.2023 00:00:00.000,22675,23129,22489,22882,1381.2619
24.01.2023 00:00:00.000,22882,23122,22439,22597,1631.621
25.01.2023 00:00:00.000,22597,23779,22299,23021,1828.4791
26.01.2023 00:00:00.000,23022,23246,22828,22972,1292.2651
27.01.2023 00:00:00.000,22973,23463,22508,23019,166.978
28.01.2023 00:00:00.000,23019,23134,22854,22992,36.9061
29.01.2023 00:00:00.000,22993,23920,22943,23712,221.463
30.01.2023 00:00:00.000,23712,23763,22480,22795,174.68
31.01.2023 00:00:00.000,22795,23270,22688,23096,185.509
01.02.2023 00:00:00.000,23096,23773,22745,23697,191.365
02.02.2023 00:00:00.000,23697,24217,23382,23457,892.855
03.02.2023 00:00:00.000,23457,23678,23186,23372,135.308
04.02.2023 00:00:00.000,23372,23544,23198,23290,81.393
05.02.2023 00:00:00.000,23290,23392,22730,22900,211.927
06.02.2023 00:00:00.000,22900,23113,22607,22726,266.5
07.02.2023 00:00:00.000,22726,23307,22715,23212,225.426
08.02.2023 00:00:00.000,23212,23403,22646,22925,200.836
09.02.2023 00:00:00.000,22925,22971,21666,21759,1692.5938
10.02.2023 00:00:00.000,21760,21903,21440,21564,1024.091
11.02.2023 00:00:00.000,21564,21865,21541,21826,283.602
12.02.2023 00:00:00.000,21826,22049,21570,21750,1346.282
13.02.2023 00:00:00.000,21750,21860,21342,21754,988.74
14.02.2023 00:00:00.000,21754,22285,21526,22170,315.161
15.02.2023 00:00:00.000,22170,24331,22016,24294,634.835
16.02.2023 00:00:00.000,24294,25214,23481,23484,733.924
17.02.2023 00:00:00.000,23484,24981,23314,24519,601.069
18.02.2023 00:00:00.000,24519,24837,24385,24599,534.424
19.02.2023 00:00:00.000,24599,25152,24168,24241,1753.098
20.02.2023 00:00:00.000,24240,25076,23813,24803,2507.2789
21.02.2023 00:00:00.000,24803,25208,24126,24415,1796.983
22.02.2023 00:00:00.000,24415,24437,23553,24150,1330.295
23.02.2023 00:00:00.000,24151,24561,23583,23909,510.214
24.02.2023 00:00:00.000,23909,24094,22831,23124,206.125
25.02.2023 00:00:00.000,23124,23158,22746,23130,84.288
26.02.2023 00:00:00.000,23130,23645,23032,23522,111
27.02.2023 00:00:00.000,23522,23852,23086,23459,340.9218
28.02.2023 00:00:00.000,23459,23562,23003,23103,135.0012
01.03.2023 00:00:00.000,23103,23953,22995,23600,88.8428
02.03.2023 00:00:00.000,23600,23761,23169,23432,70.13
03.03.2023 00:00:00.000,23433,23440,21962,22296,1049.986
04.03.2023 00:00:00.000,22296,22359,22130,22312,106.234
05.03.2023 00:00:00.000,22312,22616,22174,22394,221.823
06.03.2023 00:00:00.000,22394,22555,22240,22373,275.926
07.03.2023 00:00:00.000,22373,22514,21912,22168,351.543
08.03.2023 00:00:00.000,22168,22246,21567,21670,117.02
09.03.2023 00:00:00.000,21670,21792,20028,20329,443.81
10.03.2023 00:00:00.000,20330,20332,19541,20169,177.835
11.03.2023 00:00:00.000,20171,20885,19829,20504,517.693
12.03.2023 00:00:00.000,20504,22204,20338,22113,717.599
13.03.2023 00:00:00.000,22113,24557,21851,24164,1033.8842
14.03.2023 00:00:00.000,24166,26485,24021,24717,1435.406
15.03.2023 00:00:00.000,24717,25233,23891,24337,683.64
16.03.2023 00:00:00.000,24337,25170,24171,25013,740.174
17.03.2023 00:00:00.000,25012,27769,24910,27393,811.759
18.03.2023 00:00:00.000,27393,27715,26596,26918,1108.686
19.03.2023 00:00:00.000,26922,28371,26855,28015,1066.641
20.03.2023 00:00:00.000,28014,28520,27188,27747,3334.753
21.03.2023 00:00:00.000,27754,28451,27363,28153,5687.7308
22.03.2023 00:00:00.000,28153,28879,26654,27272,1862.904
23.03.2023 00:00:00.000,27272,28779,27140,28298,1908.352
24.03.2023 00:00:00.000,28302,28377,27310,27375,1413.5751
25.03.2023 00:00:00.000,27425,27772,27158,27452,876.599
26.03.2023 00:00:00.000,27453,28180,27411,27960,1191.095
27.03.2023 00:00:00.000,27958,28011,26487,27107,1184.69
28.03.2023 00:00:00.000,27107,27469,26620,27235,624.255
29.03.2023 00:00:00.000,27235,28603,27224,28320,316.174
30.03.2023 00:00:00.000,28320,29139,27662,27997,1323.054
31.03.2023 00:00:00.000,27997,28616,27482,28409,1291.968
01.04.2023 00:00:00.000,28410,28761,28209,28433,832.0704
02.04.2023 00:00:00.000,28433,28503,27843,28149,105.5795
03.04.2023 00:00:00.000,28149,28469,27190,27768,580.2835
04.04.2023 00:00:00.000,27768,28402,27633,28136,789.306
05.04.2023 00:00:00.000,28134,28748,27776,28143,1071.678
06.04.2023 00:00:00.000,28143,28157,27685,28008,282.428
07.04.2023 00:00:00.000,28007,28076,27753,27867,1115.0481
08.04.2023 00:00:00.000,27866,28111,27817,27921,842.004
09.04.2023 00:00:00.000,27921,28504,27786,28298,1337.7711
10.04.2023 00:00:00.000,28298,29752,28139,29620,1971.5821
11.04.2023 00:00:00.000,29620,30524,29578,30205,1736.5831
12.04.2023 00:00:00.000,30205,30467,29646,29872,652.0704
13.04.2023 00:00:00.000,29874,30569,29843,30373,1277.519
14.04.2023 00:00:00.000,30373,30995,29970,30428,3185.6408
15.04.2023 00:00:00.000,30427,30560,30174,30290,94.3988
16.04.2023 00:00:00.000,30290,30528,30116,30293,77.7602
17.04.2023 00:00:00.000,30293,30301,29227,29412,679.214
18.04.2023 00:00:00.000,29412,30452,29089,30359,663.5378
19.04.2023 00:00:00.000,30359,30386,28569,28785,659.2176
20.04.2023 00:00:00.000,28785,29062,27968,28207,1080.8744
21.04.2023 00:00:00.000,28206,28328,27090,27192,1188.4745
22.04.2023 00:00:00.000,27192,27847,27075,27783,73.9615
23.04.2023 00:00:00.000,27783,27783,27317,27557,112.7986
24.04.2023 00:00:00.000,27557,27957,26950,27479,545.674
25.04.2023 00:00:00.000,27477,28353,27159,28266,1327.455
26.04.2023 00:00:00.000,28265,29979,27213,28389,1923.238
27.04.2023 00:00:00.000,28390,29849,28353,29445,1154.277
28.04.2023 00:00:00.000,29445,29566,28878,29274,1279.601
29.04.2023 00:00:00.000,29274,29406,29024,29209,1138.543
30.04.2023 00:00:00.000,29209,29924,29068,29206,990.7396
01.05.2023 00:00:00.000,29206,29307,27636,28043,597.5706
02.05.2023 00:00:00.000,28043,28859,27850,28643,394.8018
03.05.2023 00:00:00.000,28643,29234,28099,28999,1365.077
04.05.2023 00:00:00.000,28999,29337,28653,28818,852.482
05.05.2023 00:00:00.000,28818,29658,28799,29474,964.778
06.05.2023 00:00:00.000,29475,29785,28375,28866,1369.785
07.05.2023 00:00:00.000,28866,29148,28402,28435,1554.51
08.05.2023 00:00:00.000,28436,28629,27255,27657,813.7366
09.05.2023 00:00:00.000,27657,27792,27338,27611,125.163
10.05.2023 00:00:00.000,27612,28290,26787,27583,422.978
11.05.2023 00:00:00.000,27584,27607,26692,26949,329.4598
12.05.2023 00:00:00.000,26949,27066,25794,26749,840.498
13.05.2023 00:00:00.000,26749,26997,26642,26729,36.336
14.05.2023 00:00:00.000,26729,27156,26548,26892,97.544
15.05.2023 00:00:00.000,26894,27634,26716,27131,843.207
16.05.2023 00:00:00.000,27131,27264,26829,27001,1112.1221
17.05.2023 00:00:00.000,27000,27469,26526,27372,1379.9688
18.05.2023 00:00:00.000,27373,27449,26330,26790,1113.8285
19.05.2023 00:00:00.000,26790,27147,26604,26830,95.1453
20.05.2023 00:00:00.000,26830,27116,26778,27074,492.7589
21.05.2023 00:00:00.000,27074,27241,26634,26719,1229.067
22.05.2023 00:00:00.000,26719,27065,26507,26819,106.457
23.05.2023 00:00:00.000,26819,27455,26774,27190,201.972
24.05.2023 00:00:00.000,27190,27190,26048,26295,437.658
25.05.2023 00:00:00.000,26295,26586,25837,26444,154.385
26.05.2023 00:00:00.000,26445,26906,26304,26654,93.365
27.05.2023 00:00:00.000,26654,26861,26535,26830,35.488
28.05.2023 00:00:00.000,26830,28221,26748,28052,133.472
29.05.2023 00:00:00.000,28052,28420,27506,27711,133.2
30.05.2023 00:00:00.000,27711,28017,27529,27665,174.811
31.05.2023 00:00:00.000,27665,27807,26817,27186,246.653
01.06.2023 00:00:00.000,27187,27316,26584,26792,648.682
02.06.2023 00:00:00.000,26792,27261,26479,27187,393.32
03.06.2023 00:00:00.000,27188,27297,26902,27045,492.6954
04.06.2023 00:00:00.000,27045,27423,26931,27093,96.6326
05.06.2023 00:00:00.000,27093,27098,25366,25699,1184.8222
06.06.2023 00:00:00.000,25699,27331,25327,27204,2065.7239
07.06.2023 00:00:00.000,27204,27356,26095,26316,2138.1741
08.06.2023 00:00:00.000,26316,26788,26187,26468,1639.313
09.06.2023 00:00:00.000,26468,26750,26252,26418,1549.5861
10.06.2023 00:00:00.000,26418,26470,25366,25818,644.3923
11.06.2023 00:00:00.000,25818,26180,25613,25896,1122.249
12.06.2023 00:00:00.000,25896,26071,25594,25871,1834.94
13.06.2023 00:00:00.000,25872,26397,25688,25901,1838.303
14.06.2023 00:00:00.000,25905,26054,24795,25095,1135.952
15.06.2023 00:00:00.000,25095,25717,24767,25565,2164.9196
16.06.2023 00:00:00.000,25563,26475,25151,26265,2068.8779
17.06.2023 00:00:00.000,26265,26718,26101,26482,661.919
18.06.2023 00:00:00.000,26483,26660,26224,26311,861.491
19.06.2023 00:00:00.000,26306,27031,26230,26813,1671.802
20.06.2023 00:00:00.000,26816,28373,26621,28280,949.477
21.06.2023 00:00:00.000,28280,30757,28242,29965,2243.943
22.06.2023 00:00:00.000,29963,30470,29547,29866,1662.925
23.06.2023 00:00:00.000,29866,31390,29782,30647,1699.525
24.06.2023 00:00:00.000,30648,30751,30205,30513,272.563
25.06.2023 00:00:00.000,30513,31012,30261,30445,139.474
26.06.2023 00:00:00.000,30446,30630,29912,30237,268.002
27.06.2023 00:00:00.000,30238,30977,30201,30665,242.5465
28.06.2023 00:00:00.000,30667,30683,29844,30053,221.371
29.06.2023 00:00:00.000,30055,30807,30019,30421,178.922
30.06.2023 00:00:00.000,30421,31255,29430,30406,698.665
01.07.2023 00:00:00.000,30407,30629,30257,30557,35.3875
02.07.2023 00:00:00.000,30557,30748,30161,30586,318.428
03.07.2023 00:00:00.000,30589,31356,30539,31128,1678.556
04.07.2023 00:00:00.000,31128,31296,30599,30742,1645.4459
05.07.2023 00:00:00.000,30742,30848,30174,30475,271.2601
06.07.2023 00:00:00.000,30475,31505,29827,29873,876.979
07.07.2023 00:00:00.000,29874,30419,29689,30287,1309.8454
08.07.2023 00:00:00.000,30288,30325,29984,30260,215.685
09.07.2023 00:00:00.000,30260,30407,30032,30135,753.45
10.07.2023 00:00:00.000,30139,31012,29924,30383,1759.5
11.07.2023 00:00:00.000,30381,30779,30283,30592,1489.187
12.07.2023 00:00:00.000,30593,30943,30182,30362,1420.1601
13.07.2023 00:00:00.000,30355,31794,30233,31456,1661.009
14.07.2023 00:00:00.000,31456,31603,29901,30269,364.405
15.07.2023 00:00:00.000,30269,30351,30193,30264,27.5495
16.07.2023 00:00:00.000,30267,30419,30049,30217,78.455
17.07.2023 00:00:00.000,30217,30309,29643,30113,259.34
18.07.2023 00:00:00.000,30114,30214,29498,29828,448.0015
19.07.2023 00:00:00.000,29830,30161,29743,29880,1441.377
20.07.2023 00:00:00.000,29881,30384,29544,29776,1466.278
21.07.2023 00:00:00.000,29775,30029,29696,29843,690.419
22.07.2023 00:00:00.000,29845,29939,29614,29761,17.0555
23.07.2023 00:00:00.000,29761,30320,29718,30057,52.867
24.07.2023 00:00:00.000,30057,30069,28841,29153,185.6535
25.07.2023 00:00:00.000,29153,29331,29028,29191,28.6455
26.07.2023 00:00:00.000,29191,29646,29083,29318,65.8845
27.07.2023 00:00:00.000,29318,29532,29063,29191,37.1785
28.07.2023 00:00:00.000,29191,29498,29091,29254,34.9405
29.07.2023 00:00:00.000,29254,29349,29194,29322,7.582
30.07.2023 00:00:00.000,29322,29412,29012,29243,35.0115
31.07.2023 00:00:00.000,29243,29490,29085,29200,46.088
01.08.2023 00:00:00.000,29200,29701,28549,29670,257.0885
02.08.2023 00:00:00.000,29671,30002,28892,29147,1137.9991
03.08.2023 00:00:00.000,29147,29393,28928,29153,257.7205
04.08.2023 00:00:00.000,29150,29289,28776,29012,1434.575
05.08.2023 00:00:00.000,29012,29049,28899,28982,139.659
06.08.2023 00:00:00.000,28982,29152,28899,29047,176.747
07.08.2023 00:00:00.000,29046,29223,28646,29172,777.165
08.08.2023 00:00:00.000,29174,30178,29088,29731,1430.324
09.08.2023 00:00:00.000,29731,30092,29333,29539,1306.146
10.08.2023 00:00:00.000,29538,29692,29291,29402,1030.55
11.08.2023 00:00:00.000,29394,29517,29201,29335,462.398
12.08.2023 00:00:00.000,29336,29432,29285,29389,148.338
13.08.2023 00:00:00.000,29380,29423,29230,29262,210.091
14.08.2023 00:00:00.000,29247,29623,29061,29373,510.328
15.08.2023 00:00:00.000,29372,29415,29038,29132,196.383
16.08.2023 00:00:00.000,29132,29186,28659,28663,497.842
17.08.2023 00:00:00.000,28664,28709,25357,26590,608.7334
18.08.2023 00:00:00.000,26589,26785,25622,25986,258.2575
19.08.2023 00:00:00.000,25987,26231,25755,26062,56.2205
20.08.2023 00:00:00.000,26062,26259,25949,26154,41.667
21.08.2023 00:00:00.000,26154,26211,25796,26089,13.4125
22.08.2023 00:00:00.000,26090,26106,25339,26019,19.022
23.08.2023 00:00:00.000,26020,26777,25781,26393,75.429
24.08.2023 00:00:00.000,26393,26534,25842,26140,188.394
25.08.2023 00:00:00.000,26140,26270,25753,25987,152.011
26.08.2023 00:00:00.000,25988,26050,25920,25981,5.8115
27.08.2023 00:00:00.000,25981,26142,25932,26066,20.1075
28.08.2023 00:00:00.000,26066,26213,25841,26076,64.671
29.08.2023 00:00:00.000,26078,28107,25882,27683,130.396
30.08.2023 00:00:00.000,27684,27732,27028,27267,14.532
31.08.2023 00:00:00.000,27267,27519,25670,25903,212.852
01.09.2023 00:00:00.000,25904,26108,25301,25737,629.9945
02.09.2023 00:00:00.000,25739,25945,25678,25831,207.695
03.09.2023 00:00:00.000,25832,26082,25769,25932,409.555
04.09.2023 00:00:00.000,25933,26058,25610,25786,746.233
05.09.2023 00:00:00.000,25787,25843,25539,25752,1086.333
06.09.2023 00:00:00.000,25750,26006,25375,25722,1407.4171
07.09.2023 00:00:00.000,25722,26395,25574,26228,1267.6899
08.09.2023 00:00:00.000,26230,26401,25623,25841,1180.052
09.09.2023 00:00:00.000,25841,25878,25726,25862,77.52
10.09.2023 00:00:00.000,25862,25959,25555,25801,545.141
11.09.2023 00:00:00.000,25801,25861,24889,25124,1664.593
12.09.2023 00:00:00.000,25124,26501,25095,25802,1660.7
13.09.2023 00:00:00.000,25802,26369,25737,26162,1117.5719
14.09.2023 00:00:00.000,26191,26810,26105,26494,634.763
15.09.2023 00:00:00.000,26494,26825,26188,26537,545.259
16.09.2023 00:00:00.000,26538,26711,26407,26527,388.455
17.09.2023 00:00:00.000,26527,26581,26342,26495,559.055
18.09.2023 00:00:00.000,26495,27379,26374,26724,799.208
19.09.2023 00:00:00.000,26724,27450,26638,27188,820.096
20.09.2023 00:00:00.000,27188,27353,26788,27091,767.036
21.09.2023 00:00:00.000,27091,27124,26339,26529,1128.171
22.09.2023 00:00:00.000,26529,26703,26422,26513,873.853
23.09.2023 00:00:00.000,26513,26597,26448,26543,200.766
24.09.2023 00:00:00.000,26543,26690,26124,26213,278.099
25.09.2023 00:00:00.000,26213,26400,25961,26262,564.63
26.09.2023 00:00:00.000,26262,26357,26053,26175,999.215
27.09.2023 00:00:00.000,26175,26800,26063,26329,783.5497
28.09.2023 00:00:00.000,26329,27266,26290,26987,1121.038
29.09.2023 00:00:00.000,26986,27199,26651,26842,615.524
30.09.2023 00:00:00.000,26842,27052,26820,26925,268.07
01.10.2023 00:00:00.000,26925,28011,26905,27952,535.615
02.10.2023 00:00:00.000,27953,28553,27261,27461,977.349
03.10.2023 00:00:00.000,27461,27633,27143,27390,526.833
04.10.2023 00:00:00.000,27391,27794,27182,27748,614.1
05.10.2023 00:00:00.000,27748,28079,27321,27375,542.46
06.10.2023 00:00:00.000,27375,28224,27143,27880,622.714
07.10.2023 00:00:00.000,27881,27986,27797,27926,438.872
08.10.2023 00:00:00.000,27926,28058,27672,27894,668.814
09.10.2023 00:00:00.000,27893,27960,27240,27554,589.745
10.10.2023 00:00:00.000,27554,27697,27259,27357,461.79
11.10.2023 00:00:00.000,27357,27438,26499,26834,729.322
12.10.2023 00:00:00.000,26834,26902,26516,26719,697.632
13.10.2023 00:00:00.000,26720,27057,26639,26798,648.395
14.10.2023 00:00:00.000,26801,26924,26753,26814,272.7218
15.10.2023 00:00:00.000,26787,27256,26766,27131,343.202
16.10.2023 00:00:00.000,27131,29959,27089,28479,610.783
17.10.2023 00:00:00.000,28480,28586,28056,28370,861.242
18.10.2023 00:00:00.000,28370,28943,28117,28287,659.172
19.10.2023 00:00:00.000,28287,28875,28101,28690,494.428
20.10.2023 00:00:00.000,28690,30189,28556,29620,1614.597
21.10.2023 00:00:00.000,29621,30304,29411,29877,368.424
22.10.2023 00:00:00.000,29878,30207,29628,29960,776.364
23.10.2023 00:00:00.000,29959,34561,29853,33039,869.709
24.10.2023 00:00:00.000,33038,35180,32812,33890,933.266
25.10.2023 00:00:00.000,33890,35094,33662,34461,532.352
26.10.2023 00:00:00.000,34460,34793,33704,34119,410.1385
27.10.2023 00:00:00.000,34119,34207,33366,33841,189.437
28.10.2023 00:00:00.000,33841,34449,33805,34045,240.544
29.10.2023 00:00:00.000,34045,34714,33903,34492,264.5395
30.10.2023 00:00:00.000,34493,34820,34052,34459,460.458
31.10.2023 00:00:00.000,34462,34690,34018,34618,116.7875
01.11.2023 00:00:00.000,34619,35539,34065,35387,317.355
02.11.2023 00:00:00.000,35387,35914,34289,34907,241.593
03.11.2023 00:00:00.000,34907,34910,34093,34671,118.668
04.11.2023 00:00:00.000,34671,35223,34542,35040,31.0125
05.11.2023 00:00:00.000,35042,35351,34452,35000,136.5215
06.11.2023 00:00:00.000,35000,35237,34714,35006,873.829
07.11.2023 00:00:00.000,35007,35854,34495,35393,1078.0596
08.11.2023 00:00:00.000,35374,36069,35067,35586,1004.567
09.11.2023 00:00:00.000,35586,37934,35506,36663,1603.088
10.11.2023 00:00:00.000,36663,37485,36290,37260,697.5774
11.11.2023 00:00:00.000,37260,37359,36673,37095,206.641
12.11.2023 00:00:00.000,37095,37184,36697,37046,253.431
13.11.2023 00:00:00.000,37046,37384,36330,36441,184.119
14.11.2023 00:00:00.000,36441,36717,34790,35511,385.4379
15.11.2023 00:00:00.000,35511,37923,35328,37827,385.363
16.11.2023 00:00:00.000,37827,37908,35478,36130,311.5566
17.11.2023 00:00:00.000,36130,36746,35827,36573,175.6816
18.11.2023 00:00:00.000,36573,36810,36152,36540,38.0414
19.11.2023 00:00:00.000,36540,37473,36367,37347,83.6158
20.11.2023 00:00:00.000,37347,37719,36684,37425,787.4278
21.11.2023 00:00:00.000,37425,37615,35711,35711,1504.0973
22.11.2023 00:00:00.000,35711,37826,35609,37385,262.5778
23.11.2023 00:00:00.000,37385,37605,36855,37260,512.845
24.11.2023 00:00:00.000,37261,38381,37223,37681,852.436
25.11.2023 00:00:00.000,37684,37861,37564,37758,74.2704
26.11.2023 00:00:00.000,37758,37780,37122,37410,34.8796
27.11.2023 00:00:00.000,37410,37525,36687,37207,133.3458
28.11.2023 00:00:00.000,37207,38350,36837,37791,333.659
29.11.2023 00:00:00.000,37791,38407,37548,37826,573.994
30.11.2023 00:00:00.000,37826,38112,37470,37692,48.1656
01.12.2023 00:00:00.000,37692,38946,37589,38647,96.8014
02.12.2023 00:00:00.000,38647,39675,38596,39424,253.766
03.12.2023 00:00:00.000,39423,40159,39244,39943,136.314
04.12.2023 00:00:00.000,39944,42365,39944,41949,331.0104
05.12.2023 00:00:00.000,41949,44446,41374,44041,441.3
06.12.2023 00:00:00.000,44042,44245,43331,43725,203.7078
07.12.2023 00:00:00.000,43725,44006,42810,43257,200.724
08.12.2023 00:00:00.000,43257,44676,43052,44136,182.2356
09.12.2023 00:00:00.000,44140,44312,43566,43675,47.598
10.12.2023 00:00:00.000,43676,44005,43548,43752,35.512
11.12.2023 00:00:00.000,43751,43771,40147,41200,735.152
12.12.2023 00:00:00.000,41200,42049,40631,41451,706.5972
13.12.2023 00:00:00.000,41451,43410,40597,42833,249.038
14.12.2023 00:00:00.000,42833,43369,41497,42991,441.2546
15.12.2023 00:00:00.000,42991,43049,41639,41875,137.851
16.12.2023 00:00:00.000,41875,42647,41580,42214,50.5308
17.12.2023 00:00:00.000,42214,42356,41219,41333,142.5462
18.12.2023 00:00:00.000,41333,42710,40493,42616,332.088
19.12.2023 00:00:00.000,42617,43428,41780,42231,260.5326
20.12.2023 00:00:00.000,42236,44243,42167,43627,1232.039
21.12.2023 00:00:00.000,43627,44202,43262,43828,1120.271
22.12.2023 00:00:00.000,43829,44362,43380,43949,1125.084
23.12.2023 00:00:00.000,43949,43973,43270,43689,240.3168
24.12.2023 00:00:00.000,43689,43909,42565,42967,32.1616
25.12.2023 00:00:00.000,43387,43677,43307,43540,7.696
26.12.2023 00:00:00.000,43540,43561,41612,42480,202.154
27.12.2023 00:00:00.000,42480,43644,42076,43427,174.0116
28.12.2023 00:00:00.000,43427,43756,42252,42546,206.0762
29.12.2023 00:00:00.000,42546,43092,41249,42006,210.4772
30.12.2023 00:00:00.000,42006,42561,41496,42110,49.1534
31.12.2023 00:00:00.000,42110,42844,41953,42448,26.7634
01.01.2024 00:00:00.000,43712,44154,43426,44146,15.8666
02.01.2024 00:00:00.000,44146,45865,44118,44916,454.986
03.01.2024 00:00:00.000,44918,45468,40834,42809,648.106
04.01.2024 00:00:00.000,42809,44751,42594,44114,373.388
05.01.2024 00:00:00.000,44114,44298,42731,44125,1128.148
06.01.2024 00:00:00.000,44123,44196,43372,43930,495.033
07.01.2024 00:00:00.000,43929,44439,43555,43883,683.573
08.01.2024 00:00:00.000,43890,47244,43157,46929,1443.1
09.01.2024 00:00:00.000,46931,47913,44860,46058,3602.8409
10.01.2024 00:00:00.000,46058,47664,44324,46630,5136.5728
11.01.2024 00:00:00.000,46636,48946,45575,46301,5413.002
12.01.2024 00:00:00.000,46301,46477,41387,42710,3858.0871
13.01.2024 00:00:00.000,42710,43206,42363,42806,543.434
14.01.2024 00:00:00.000,42805,43028,41679,41679,498.4679
15.01.2024 00:00:00.000,41679,43324,41662,42461,1155.732
16.01.2024 00:00:00.000,42461,43529,42022,43101,1286.992
17.01.2024 00:00:00.000,43103,43153,42152,42708,869.437
18.01.2024 00:00:00.000,42722,42876,40587,41261,1143.679
19.01.2024 00:00:00.000,41261,42136,40234,41561,862.2474
20.01.2024 00:00:00.000,41562,41778,41367,41648,24.2976
21.01.2024 00:00:00.000,41648,41837,41468,41543,47.9031
22.01.2024 00:00:00.000,41542,41639,39390,39486,661.057
23.01.2024 00:00:00.000,39506,40114,38480,39843,677.126
24.01.2024 00:00:00.000,39846,40497,39436,40042,1128.204
25.01.2024 00:00:00.000,40036,40251,39504,39902,1147.55
26.01.2024 00:00:00.000,39899,42199,39773,41750,1118.0249
27.01.2024 00:00:00.000,41750,42153,41361,42084,220.583
28.01.2024 00:00:00.000,42086,42789,41587,41993,445.8446
29.01.2024 00:00:00.000,41991,43271,41773,43265,831.652
30.01.2024 00:00:00.000,43266,43822,42653,42916,971.3934
31.01.2024 00:00:00.000,42916,43706,42249,42526,811.265
01.02.2024 00:00:00.000,42521,43237,41842,43037,702.8044
02.02.2024 00:00:00.000,43037,43432,42509,43123,511.6526
03.02.2024 00:00:00.000,43123,43297,42834,42967,28.1204
04.02.2024 00:00:00.000,42967,43068,42189,42546,71.1924
05.02.2024 00:00:00.000,42546,43501,42213,42619,507.413
06.02.2024 00:00:00.000,42626,43336,42492,43063,469.7792
07.02.2024 00:00:00.000,43063,44360,42734,44309,709.751
08.02.2024 00:00:00.000,44311,45574,44299,45272,1482.1903
09.02.2024 00:00:00.000,45272,48165,45220,47095,2998.071
10.02.2024 00:00:00.000,47092,48130,46838,47722,261.643
11.02.2024 00:00:00.000,47721,48554,47540,48276,339.5965
12.02.2024 00:00:00.000,48275,50308,47685,49907,3424.5656
13.02.2024 00:00:00.000,49907,50354,48299,49696,2510.9351
14.02.2024 00:00:00.000,49696,52009,49216,51797,4969.4738
15.02.2024 00:00:00.000,51797,52807,51312,51896,5477.21
16.02.2024 00:00:00.000,51895,52545,51575,52102,3823.3609
17.02.2024 00:00:00.000,52105,52153,50604,51625,159.5414
18.02.2024 00:00:00.000,51625,52339,51152,52105,184.543
19.02.2024 00:00:00.000,52105,52455,51648,51737,2664.7396
20.02.2024 00:00:00.000,51737,52946,50728,52229,5011.8022
21.02.2024 00:00:00.000,52229,52332,50605,51811,4968.1048
22.02.2024 00:00:00.000,51812,52028,50891,51252,2317.4551
23.02.2024 00:00:00.000,51252,51488,50461,50686,2022.6839
24.02.2024 00:00:00.000,50686,51646,50520,51526,191.6034
25.02.2024 00:00:00.000,51525,51921,51247,51693,505.0904
26.02.2024 00:00:00.000,51694,54886,50876,54450,3868.6521
27.02.2024 00:00:00.000,54450,57562,54429,57014,6728.2701
28.02.2024 00:00:00.000,57014,63994,56671,62458,6384.5448
29.02.2024 00:00:00.000,62458,63629,60345,61126,8249.7997
01.03.2024 00:00:00.000,61138,63185,60754,62372,5447.9232
02.03.2024 00:00:00.000,62375,62435,61566,61983,485.643
03.03.2024 00:00:00.000,61981,63195,61324,63119,661.2426
04.03.2024 00:00:00.000,63121,68487,62344,68297,8087.4624
05.03.2024 00:00:00.000,68297,69158,59112,63760,7884.7942
06.03.2024 00:00:00.000,63760,67598,62792,66055,7819.396
07.03.2024 00:00:00.000,66053,67990,65538,66900,6998.538
08.03.2024 00:00:00.000,66828,69989,66141,68224,5616.7212
09.03.2024 00:00:00.000,68227,68641,67978,68341,656.946
10.03.2024 00:00:00.000,68341,69906,68154,68948,1592.398
11.03.2024 00:00:00.000,68948,72818,67046,72048,7079.7768
12.03.2024 00:00:00.000,72056,72956,68583,71418,6214.5629
13.03.2024 00:00:00.000,71418,73624,71289,73045,6624.6381
14.03.2024 00:00:00.000,73042,73758,68517,71345,5080.3537
15.03.2024 00:00:00.000,71345,72362,65564,69450,3423.732
16.03.2024 00:00:00.000,69450,69985,64746,65236,954.093
17.03.2024 00:00:00.000,65233,68838,64497,68311,2066.71
18.03.2024 00:00:00.000,68316,68889,66539,67569,3739.1379
19.03.2024 00:00:00.000,67561,68075,61493,61877,3598.433
20.03.2024 00:00:00.000,61877,68089,60742,67819,4600.7199
21.03.2024 00:00:00.000,67826,68188,64501,65461,5116.3082
22.03.2024 00:00:00.000,65458,66597,62257,63749,2726.1579
23.03.2024 00:00:00.000,63754,65959,62948,63955,631.85
24.03.2024 00:00:00.000,63953,67585,63753,67167,754.749
25.03.2024 00:00:00.000,67168,71140,66360,69871,1544.3569
26.03.2024 00:00:00.000,69855,71510,69265,69951,2043.8271
27.03.2024 00:00:00.000,69950,71712,68348,69396,1282.293
28.03.2024 00:00:00.000,69393,71508,68817,70739,1057.79
29.03.2024 00:00:00.000,70738,70874,68985,69839,345.114
30.03.2024 00:00:00.000,69839,70302,69532,69568,825.45
31.03.2024 00:00:00.000,69569,71328,69538,71244,764.8549
01.04.2024 00:00:00.000,71242,71255,68030,69616,1474.121
02.04.2024 00:00:00.000,69616,69656,64542,65417,1796.313
03.04.2024 00:00:00.000,65415,66864,64463,65921,1974.206
04.04.2024 00:00:00.000,65921,69290,65038,68451,1588.249
05.04.2024 00:00:00.000,68455,68695,65938,67791,1495.37
06.04.2024 00:00:00.000,67791,69643,67500,68861,479.6706
07.04.2024 00:00:00.000,68860,70261,68801,69320,745.0312
08.04.2024 00:00:00.000,69323,72727,69022,71591,625.581
09.04.2024 00:00:00.000,71591,71717,68181,69097,705.95
10.04.2024 00:00:00.000,69095,71108,67453,70584,841.997
11.04.2024 00:00:00.000,70584,71239,69516,69967,1071.9029
12.04.2024 00:00:00.000,69967,71177,65135,67087,1172.103
13.04.2024 00:00:00.000,67084,67897,60833,63932,1069.675
14.04.2024 00:00:00.000,63933,65811,62093,65672,1790.4828
15.04.2024 00:00:00.000,65675,66813,62264,63393,1849.218
16.04.2024 00:00:00.000,63399,64319,61586,63785,1595.337
17.04.2024 00:00:00.000,63785,64465,59653,61229,1329.118
18.04.2024 00:00:00.000,61229,64098,60791,63445,1515.97
19.04.2024 00:00:00.000,63433,65439,59589,63783,1172.686
20.04.2024 00:00:00.000,63780,65397,63056,64904,366.978
21.04.2024 00:00:00.000,64901,65661,64185,64908,297.549
22.04.2024 00:00:00.000,64908,67201,64484,66784,876.9
23.04.2024 00:00:00.000,66783,67153,65799,66367,862.162
24.04.2024 00:00:00.000,66370,67031,63544,64239,947.424
25.04.2024 00:00:00.000,64239,65246,62744,64461,1061.0321
26.04.2024 00:00:00.000,64460,64776,63294,63677,956.844
27.04.2024 00:00:00.000,63684,63835,62326,63425,511.582
28.04.2024 00:00:00.000,63425,64331,62763,63077,520.25
29.04.2024 00:00:00.000,63078,64185,61761,63820,838.519
30.04.2024 00:00:00.000,63831,64694,59073,60606,555.915
01.05.2024 00:00:00.000,60606,60807,56512,58260,1122.016
02.05.2024 00:00:00.000,58303,59592,56918,59063,1148.246
03.05.2024 00:00:00.000,59064,63301,58796,62848,695.64
04.05.2024 00:00:00.000,62849,64500,62501,63870,481.073
05.05.2024 00:00:00.000,63872,64615,62902,64013,686.712
06.05.2024 00:00:00.000,64014,65479,62692,63138,790.258
07.05.2024 00:00:00.000,63138,64367,62245,62301,585.185
08.05.2024 00:00:00.000,62299,62991,60851,61152,613.119
09.05.2024 00:00:00.000,61152,63385,60610,63036,674.908
10.05.2024 00:00:00.000,63036,63431,60180,60727,678.356
11.05.2024 00:00:00.000,60726,61417,60394,60792,243.284
12.05.2024 00:00:00.000,60792,61826,60595,61438,420.913
13.05.2024 00:00:00.000,61438,63420,60739,62901,804.301
14.05.2024 00:00:00.000,62893,63076,61087,61537,737.041
15.05.2024 00:00:00.000,61534,66426,61297,66197,779.564
16.05.2024 00:00:00.000,66197,66715,64573,65196,840.241
17.05.2024 00:00:00.000,65196,67436,65082,66981,1013.5829
18.05.2024 00:00:00.000,66981,67343,66559,66890,164.2873
19.05.2024 00:00:00.000,66889,67667,65870,66235,434.708
20.05.2024 00:00:00.000,66235,71461,66049,71391,1216.676
21.05.2024 00:00:00.000,71392,71923,69132,70106,954.111
22.05.2024 00:00:00.000,70106,70614,68903,69125,883.061
23.05.2024 00:00:00.000,69117,70028,66261,67926,1091.346
24.05.2024 00:00:00.000,67923,69224,66588,68483,920.178
25.05.2024 00:00:00.000,68480,69564,68422,69252,375.084
26.05.2024 00:00:00.000,69252,69518,68065,68469,613.2794
27.05.2024 00:00:00.000,68463,70625,68212,69389,933.666
28.05.2024 00:00:00.000,69365,69547,67211,68363,1183.527
29.05.2024 00:00:00.000,68360,68885,67072,67594,951.451
30.05.2024 00:00:00.000,67601,69479,67093,68314,936.64
31.05.2024 00:00:00.000,68318,68990,66611,67414,790.948
01.06.2024 00:00:00.000,67409,67824,67310,67717,157.239
02.06.2024 00:00:00.000,67718,68389,67256,67724,389.811
03.06.2024 00:00:00.000,67726,70238,67571,68769,904.68
04.06.2024 00:00:00.000,68769,71040,68526,70517,877.284
05.06.2024 00:00:00.000,70517,71747,70347,71081,787.462
06.06.2024 00:00:00.000,71082,71612,70085,70753,800.935
07.06.2024 00:00:00.000,70757,71913,68400,69261,1027.272
08.06.2024 00:00:00.000,69262,69529,69133,69268,342.2959
09.06.2024 00:00:00.000,69268,69790,69108,69603,329.6232
10.06.2024 00:00:00.000,69603,70142,69138,69480,912.3072
11.06.2024 00:00:00.000,69482,69533,66047,67289,1265.8581
12.06.2024 00:00:00.000,67289,69967,66863,68219,1372.9351
13.06.2024 00:00:00.000,68219,68377,66229,66723,1337.539
14.06.2024 00:00:00.000,66721,67310,65034,65939,1098.834
15.06.2024 00:00:00.000,65939,66363,65749,66170,188.954
16.06.2024 00:00:00.000,66171,66881,65991,66618,515.477
17.06.2024 00:00:00.000,66618,67259,65075,66469,1057.456
18.06.2024 00:00:00.000,66467,66557,64019,65140,898.604
19.06.2024 00:00:00.000,65141,65692,64652,64935,803.101
20.06.2024 00:00:00.000,64931,66453,64520,64840,939.121
21.06.2024 00:00:00.000,64835,65042,63351,64055,992.223
22.06.2024 00:00:00.000,64055,64443,63845,64219,120.388
23.06.2024 00:00:00.000,64219,64471,63135,63142,201.8404
24.06.2024 00:00:00.000,63142,63320,58444,60256,980.688
25.06.2024 00:00:00.000,60256,62356,60211,61760,734.581
26.06.2024 00:00:00.000,61762,62441,60656,60826,811.189
27.06.2024 00:00:00.000,60826,62310,60547,61576,757.51
28.06.2024 00:00:00.000,61603,62136,59884,60248,690.623
29.06.2024 00:00:00.000,60247,61138,60209,60870,341.138
30.06.2024 00:00:00.000,60870,62925,60617,62690,521.528
01.07.2024 00:00:00.000,62690,63813,62454,62829,535.985
02.07.2024 00:00:00.000,62825,63184,61710,62029,444.435
03.07.2024 00:00:00.000,62029,62179,59369,60121,517.797
04.07.2024 00:00:00.000,60121,60431,56733,57016,705.837
05.07.2024 00:00:00.000,57016,57496,53509,56574,905.386
06.07.2024 00:00:00.000,56569,58438,55958,58202,668.072
07.07.2024 00:00:00.000,58202,58403,55697,55824,853.286
08.07.2024 00:00:00.000,55824,58163,54262,56683,1412.841
09.07.2024 00:00:00.000,56683,58244,56264,58009,1123.188
10.07.2024 00:00:00.000,57997,59426,57129,57692,1117.578
11.07.2024 00:00:00.000,57692,59432,57029,57310,1326.512
12.07.2024 00:00:00.000,57310,58491,56519,57844,1478.159
13.07.2024 00:00:00.000,57844,59810,57706,59160,211.437
14.07.2024 00:00:00.000,59159,61365,59148,60773,257.281
15.07.2024 00:00:00.000,60771,64889,60636,64703,1398.967
16.07.2024 00:00:00.000,64715,65357,62389,65043,1255.244
17.07.2024 00:00:00.000,65043,66079,63834,64061,833.607
18.07.2024 00:00:00.000,64061,65075,63200,63946,627.693
19.07.2024 00:00:00.000,63946,67423,63274,66643,815.413
20.07.2024 00:00:00.000,66645,67568,66210,67118,307.796
21.07.2024 00:00:00.000,67118,68333,65786,68130,282.367
22.07.2024 00:00:00.000,68130,68454,66547,67534,642.462
23.07.2024 00:00:00.000,67533,67734,65422,65903,676.11
24.07.2024 00:00:00.000,65902,67082,65086,65346,493.49
25.07.2024 00:00:00.000,65340,66101,63425,65766,522.222
26.07.2024 00:00:00.000,65763,68150,65684,67859,409.154
27.07.2024 00:00:00.000,67856,69353,66587,67865,344.107
28.07.2024 00:00:00.000,67867,68271,67032,68208,223.828
29.07.2024 00:00:00.000,68207,69995,66415,66745,344.398
30.07.2024 00:00:00.000,66745,66966,65283,66143,316.832
31.07.2024 00:00:00.000,66141,66787,64493,64595,375.17
01.08.2024 00:00:00.000,64596,65552,62216,65291,482.699
02.08.2024 00:00:00.000,65291,65531,61091,61353,539.915
03.08.2024 00:00:00.000,61353,62126,59807,60659,572.433
04.08.2024 00:00:00.000,60659,61055,57145,58113,774.008
05.08.2024 00:00:00.000,58113,58262,49050,53972,1650.889
06.08.2024 00:00:00.000,53972,57025,53929,56002,1810.3729
07.08.2024 00:00:00.000,56002,57696,54526,55105,1347.641
08.08.2024 00:00:00.000,55106,62666,54720,61662,975.599
09.08.2024 00:00:00.000,61662,61715,59529,60797,936.545
10.08.2024 00:00:00.000,60800,61435,60192,60901,206.089
11.08.2024 00:00:00.000,60901,61793,58252,58685,597.605
12.08.2024 00:00:00.000,58684,60671,57639,59320,1281.2001
13.08.2024 00:00:00.000,59320,61568,58401,60566,1903.481
14.08.2024 00:00:00.000,60569,61727,58429,58653,1710.023
15.08.2024 00:00:00.000,58655,59828,56109,57518,901.277
16.08.2024 00:00:00.000,57518,59804,57067,58824,706.438
17.08.2024 00:00:00.000,58824,59666,58738,59455,203.5427
18.08.2024 00:00:00.000,59457,60236,58396,58410,311.906
19.08.2024 00:00:00.000,58409,59584,57796,59430,651.975
20.08.2024 00:00:00.000,59429,61386,58560,58980,672.383
21.08.2024 00:00:00.000,58977,61800,58766,61135,700.4381
22.08.2024 00:00:00.000,61135,61380,59748,60349,635.85
23.08.2024 00:00:00.000,60349,64922,60321,64027,566.282
24.08.2024 00:00:00.000,64027,64465,63513,64116,295.782
25.08.2024 00:00:00.000,64116,64988,63755,64214,196.916
26.08.2024 00:00:00.000,64216,64461,62786,62807,431.868
27.08.2024 00:00:00.000,62807,63180,58008,59408,398.314
28.08.2024 00:00:00.000,59408,60181,57832,59001,599.157
29.08.2024 00:00:00.000,59001,61134,58701,59347,599.838
30.08.2024 00:00:00.000,59345,59883,57721,59051,453.083
31.08.2024 00:00:00.000,59053,59382,58676,58939,132.018
01.09.2024 00:00:00.000,58938,59029,57171,57264,320.784
02.09.2024 00:00:00.000,57265,59376,57094,59098,473.584
03.09.2024 00:00:00.000,59105,59774,57381,57447,430.245
04.09.2024 00:00:00.000,57449,58484,55607,57936,582.502
05.09.2024 00:00:00.000,57937,58281,55623,56142,629.544
06.09.2024 00:00:00.000,56142,56963,52467,53885,547.708
07.09.2024 00:00:00.000,53890,54815,53668,54123,309.669
08.09.2024 00:00:00.000,54126,55272,53596,54830,307.86
09.09.2024 00:00:00.000,54829,58019,54555,57019,412.271
10.09.2024 00:00:00.000,57020,58011,56375,57606,338.0396
11.09.2024 00:00:00.000,57610,57955,55527,57312,432.566
12.09.2024 00:00:00.000,57312,58518,57301,58100,409.765
13.09.2024 00:00:00.000,58099,60605,57602,60478,470.12
14.09.2024 00:00:00.000,60478,60595,59384,59964,135.021
15.09.2024 00:00:00.000,59964,60351,58666,59097,292.595
16.09.2024 00:00:00.000,59097,59171,57476,58178,401.6
17.09.2024 00:00:00.000,58178,61295,57588,60282,425.392
18.09.2024 00:00:00.000,60282,61753,59148,61728,473.162
19.09.2024 00:00:00.000,61731,63839,61550,62917,525.116
20.09.2024 00:00:00.000,62917,64100,62326,63146,404.506
21.09.2024 00:00:00.000,63146,63527,62691,63319,233.025
22.09.2024 00:00:00.000,63321,63960,62354,63551,314.0084
23.09.2024 00:00:00.000,63547,64706,62577,63302,415.36
24.09.2024 00:00:00.000,63301,64648,62696,64234,281.77
25.09.2024 00:00:00.000,64236,64780,62913,63120,255.438
26.09.2024 00:00:00.000,63120,65794,62637,65140,434.865
27.09.2024 00:00:00.000,65139,66435,64802,65724,433.777
28.09.2024 00:00:00.000,65723,66204,65394,65826,225.732
29.09.2024 00:00:00.000,65827,66041,65393,65569,278.346
30.09.2024 00:00:00.000,65571,65591,62828,63294,380.766
01.10.2024 00:00:00.000,63294,64088,60154,60775,508.533
02.10.2024 00:00:00.000,60771,62327,59966,60608,537.178
03.10.2024 00:00:00.000,60604,61440,59827,60719,531.553
04.10.2024 00:00:00.000,60718,62447,60429,62026,420.863
05.10.2024 00:00:00.000,62026,62337,61621,62024,142.165
06.10.2024 00:00:00.000,62025,62937,61773,62786,216.92
07.10.2024 00:00:00.000,62786,64430,62096,62189,500.139
08.10.2024 00:00:00.000,62189,63162,61820,62122,541.91
09.10.2024 00:00:00.000,62122,62505,60272,60715,402.5
10.10.2024 00:00:00.000,60457,61272,58903,60285,351.383
11.10.2024 00:00:00.000,60285,63383,60055,62454,253.176
12.10.2024 00:00:00.000,62456,63411,62402,63172,146.251
13.10.2024 00:00:00.000,63172,63252,62014,62839,142.873
14.10.2024 00:00:00.000,62839,66434,62421,66051,394.193
15.10.2024 00:00:00.000,66051,67917,64769,67039,387.65
16.10.2024 00:00:00.000,67039,68380,66718,67582,292.703
17.10.2024 00:00:00.000,67582,67904,66637,67389,293.825
18.10.2024 00:00:00.000,67389,68965,67154,68361,286.368
19.10.2024 00:00:00.000,68361,68624,67978,68336,93.082
20.10.2024 00:00:00.000,68337,69328,68066,68999,99.257
21.10.2024 00:00:00.000,68999,69487,66812,67339,225.349
22.10.2024 00:00:00.000,67339,67762,66537,67388,281.791
23.10.2024 00:00:00.000,67388,67413,65120,66626,341.471
24.10.2024 00:00:00.000,66635,68802,66424,68165,333.553
25.10.2024 00:00:00.000,68165,68731,65437,66499,351.238
26.10.2024 00:00:00.000,66499,67300,66268,67033,151.4827
27.10.2024 00:00:00.000,67033,68196,66855,67908,246.519
28.10.2024 00:00:00.000,67909,70185,67501,69883,314.737
29.10.2024 00:00:00.000,69889,73572,69679,72685,360.046
30.10.2024 00:00:00.000,72686,72900,71371,72298,322.582
31.10.2024 00:00:00.000,72298,72637,69569,70162,392.299
01.11.2024 00:00:00.000,70164,71558,68751,69402,541.027
02.11.2024 00:00:00.000,69402,69827,68987,69332,211.4396
03.11.2024 00:00:00.000,69331,69348,67436,68734,522.846
04.11.2024 00:00:00.000,68734,69458,66794,67817,620.628
05.11.2024 00:00:00.000,67817,70517,67439,69343,577.218
06.11.2024 00:00:00.000,69343,76447,69259,75603,936.485
07.11.2024 00:00:00.000,75603,76915,74424,75888,725.574
08.11.2024 00:00:00.000,75890,77220,75563,76502,407.436
09.11.2024 00:00:00.000,76502,76889,75696,76651,299.034
10.11.2024 00:00:00.000,76658,81469,76480,80387,872.152
11.11.2024 00:00:00.000,80387,89570,80192,88724,585.304
12.11.2024 00:00:00.000,88706,89942,85072,88001,814.908
13.11.2024 00:00:00.000,88001,93438,86279,90464,860.62
14.11.2024 00:00:00.000,90464,91771,86659,87300,1147.907
15.11.2024 00:00:00.000,87300,91852,87084,90993,935.129
16.11.2024 00:00:00.000,90993,91756,90065,90588,460.956
17.11.2024 00:00:00.000,90605,91423,88658,89829,515.881
18.11.2024 00:00:00.000,89831,92609,89360,90484,939.546
19.11.2024 00:00:00.000,90484,94018,90381,92401,843.538
20.11.2024 00:00:00.000,92402,94929,91587,94342,762.06
21.11.2024 00:00:00.000,94345,99037,94074,98420,1125.002
22.11.2024 00:00:00.000,98420,99751,97214,98959,921.152
23.11.2024 00:00:00.000,98959,98979,97207,97752,354.312
24.11.2024 00:00:00.000,97750,98644,95773,98000,588.611
25.11.2024 00:00:00.000,98001,98943,92567,92972,872.834
26.11.2024 00:00:00.000,92972,94976,90698,91881,811.327
27.11.2024 00:00:00.000,91882,97335,91718,95935,611.004
28.11.2024 00:00:00.000,95935,96642,94651,95640,448.222
29.11.2024 00:00:00.000,95641,98714,95381,97425,645.246
30.11.2024 00:00:00.000,97425,97445,96100,96449,488.867
01.12.2024 00:00:00.000,96448,97831,95736,97240,650.515
02.12.2024 00:00:00.000,97239,98174,94386,95836,808.016
03.12.2024 00:00:00.000,95832,96281,93568,95899,461.016
04.12.2024 00:00:00.000,95900,99224,94637,98737,449.856
05.12.2024 00:00:00.000,98724,103627,91984,97028,639.502
06.12.2024 00:00:00.000,97026,102068,96481,99826,525.575
07.12.2024 00:00:00.000,99826,100517,98950,99909,272.127
08.12.2024 00:00:00.000,99908,101379,98728,101147,229.9
09.12.2024 00:00:00.000,101146,101233,94229,97327,411.899
10.12.2024 00:00:00.000,97327,98248,94258,96620,530.786
11.12.2024 00:00:00.000,96624,101926,95703,101150,415.124
12.12.2024 00:00:00.000,101141,102529,99268,100000,421.617
13.12.2024 00:00:00.000,99999,101885,99206,101364,352.962
14.12.2024 00:00:00.000,101364,102585,100536,101335,228.137
15.12.2024 00:00:00.000,101335,105045,101161,104389,211.933
16.12.2024 00:00:00.000,104393,107782,103272,106060,438.395
17.12.2024 00:00:00.000,106059,108301,105313,106116,413.34
18.12.2024 00:00:00.000,106118,106463,99988,100140,505.105
19.12.2024 00:00:00.000,100143,102731,95518,97339,643.403
20.12.2024 00:00:00.000,97338,98089,92111,97700,623.919
21.12.2024 00:00:00.000,97700,99531,96304,97165,473.595
22.12.2024 00:00:00.000,97172,97323,94118,95062,483.259
23.12.2024 00:00:00.000,95058,96414,92351,94731,530.285
24.12.2024 00:00:00.000,94736,99398,93425,98529,443.187
25.12.2024 00:00:00.000,97909,99430,97495,99305,241.785
26.12.2024 00:00:00.000,99315,99832,95065,95634,470.261
27.12.2024 00:00:00.000,95634,97270,93256,94107,452.464
28.12.2024 00:00:00.000,94107,95469,93943,95066,218.569
29.12.2024 00:00:00.000,95065,95105,92832,93532,234.0003
30.12.2024 00:00:00.000,93532,94869,91279,92581,474.651
31.12.2024 00:00:00.000,92586,96099,91877,95565,300.598
01.01.2025 00:00:00.000,94097,94896,93408,94350,188.559
02.01.2025 00:00:00.000,94358,97710,94124,96858,481.59700000000015
03.01.2025 00:00:00.000,96859,98915,95984,98075,363.11099999999993
04.01.2025 00:00:00.000,98075,98696,97459,98145,299.56399999999996
05.01.2025 00:00:00.000,98145,98784,97185,98312,298.42599999999993
06.01.2025 00:00:00.000,98312,102462,97878,102227,476.3179999999999
07.01.2025 00:00:00.000,102228,102684,96074,96908,441.057
08.01.2025 00:00:00.000,96906,97213,92436,95012,511.548
09.01.2025 00:00:00.000,95008,95306,91157,92512,623.6399999999999
10.01.2025 00:00:00.000,92511,95798,92185,94636,687.584
11.01.2025 00:00:00.000,94636,94919,93760,94505,334.06700000000006
12.01.2025 00:00:00.000,94505,95319,93605,94472,346.139
13.01.2025 00:00:00.000,94473,95832,89161,94479,843.9410000000001
14.01.2025 00:00:00.000,94478,97312,94297,96497,567.4580000000001
15.01.2025 00:00:00.000,96498,100678,96429,100476,419.73699999999997
16.01.2025 00:00:00.000,100477,100831,97267,99935,445.88800000000003
17.01.2025 00:00:00.000,99940,105899,99885,104042,431.892
18.01.2025 00:00:00.000,104042,104868,102168,104370,394.113
19.01.2025 00:00:00.000,104370,106249,99502,101196,574.806
20.01.2025 00:00:00.000,101196,109286,99425,102103,867.2240000000002
21.01.2025 00:00:00.000,102103,107244,100036,106113,633.374
22.01.2025 00:00:00.000,106113,106366,103287,103627,428.26199999999994
23.01.2025 00:00:00.000,103626,106829,101194,103887,543.0609999999999
24.01.2025 00:00:00.000,103887,107132,102718,104798,522.3450000000001
25.01.2025 00:00:00.000,104803,105229,104042,104668,148.435
26.01.2025 00:00:00.000,104669,105397,102442,102559,226.63600000000002
27.01.2025 00:00:00.000,102559,103202,97683,102026,729.878
28.01.2025 00:00:00.000,102028,103721,100174,101253,432.1480000000001
29.01.2025 00:00:00.000,101241,104756,101238,103709,403.562
30.01.2025 00:00:00.000,103709,106419,103264,104703,355.3330000000001
31.01.2025 00:00:00.000,104701,106036,101465,102349,347.695
01.02.2025 00:00:00.000,102349,102717,100195,100564,247.57299999999995
02.02.2025 00:00:00.000,100564,101395,96126,97633,608.0649999999999
03.02.2025 00:00:00.000,97634,102530,91451,101417,769.7239000000001
04.02.2025 00:00:00.000,101418,101758,96110,97712,749.419
05.02.2025 00:00:00.000,97712,99165,96107,96539,1147.048
06.02.2025 00:00:00.000,96539,99100,95650,96522,1002.8747999999999
07.02.2025 00:00:00.000,96527,100170,95580,96472,496.20200000000006
08.02.2025 00:00:00.000,96472,96854,95630,96411,246.148
09.02.2025 00:00:00.000,96411,97277,94674,96440,261.78400000000005
10.02.2025 00:00:00.000,96440,98313,95234,97407,410.18999999999994
11.02.2025 00:00:00.000,97406,98486,94805,95730,458.1120000000001
12.02.2025 00:00:00.000,95730,98068,94049,97832,479.121
13.02.2025 00:00:00.000,97832,98054,95170,96589,530.333
14.02.2025 00:00:00.000,96590,98839,96254,97444,404.81500000000005
15.02.2025 00:00:00.000,97443,97933,97166,97532,208.77900000000002
16.02.2025 00:00:00.000,97531,97673,96026,96081,211.70499999999998
17.02.2025 00:00:00.000,96076,96941,95155,95702,530.0119999999998
18.02.2025 00:00:00.000,95703,96646,93265,95540,920.6380000000001
19.02.2025 00:00:00.000,95541,96840,94938,96566,648.971
20.02.2025 00:00:00.000,96599,98691,96339,98263,588.011
21.02.2025 00:00:00.000,98262,99439,94733,96092,767.7330000000001
22.02.2025 00:00:00.000,96108,96919,95708,96517,114.46799999999999
23.02.2025 00:00:00.000,96520,96615,95179,96189,197.361
24.02.2025 00:00:00.000,96190,96419,91256,91455,852.4520000000002
25.02.2025 00:00:00.000,91454,92439,85900,88540,831.5079999999999
26.02.2025 00:00:00.000,88540,89268,82055,84039,1046.233
27.02.2025 00:00:00.000,84044,86916,82543,84545,1353.303
28.02.2025 00:00:00.000,84548,85058,78152,84233,1130.2049000000002
01.03.2025 00:00:00.000,84235,86470,83707,85959,323.4860000000014
02.03.2025 00:00:00.000,85947,95030,84957,94200,1074.4940000000006
03.03.2025 00:00:00.000,94194,94355,84996,86091,1712.6373000000006
04.03.2025 00:00:00.000,86092,88907,81462,87215,1474.834
05.03.2025 00:00:00.000,87215,90955,86335,90581,621.3790000000005
06.03.2025 00:00:00.000,90584,92767,87771,89888,620.8650000000006